15298,0,1,0
84693,1,0,0
159141,1,1,0
199857,0,1,0
227303,0,0,0
301437,0,1,0
311690,1,1,0
369490,1,0,0
428359,0,0,0
443890,0,1,0
511734,0,0,0
539147,1,0,0
585409,1,1,0
654184,0,0,0
732466,0,1,0
767592,1,1,0
838134,1,0,0
884296,0,0,0
952998,0,1,0
995775,1,1,0
1060552,1,0,0
1112140,0,0,0
1174095,0,1,0
1223418,1,1,0
1281611,1,0,0
1339178,0,0,0
1397026,0,1,0
1450746,1,1,0
1504750,1,0,0
1567178,0,0,0
1618786,0,1,0
1679284,1,1,0
1725907,1,0,0
1795815,0,0,0
1841127,0,1,0
1907903,1,1,0
1948662,1,0,0
2025370,0,0,0
2063444,0,1,0
2136272,1,1,0
2171378,1,0,0
2252196,0,0,0
2286374,0,1,0
2364968,1,1,0
2393604,1,0,0
2481694,0,0,0
2508163,0,1,0
2593488,1,1,0
2616363,1,0,0
2710250,0,0,0
2729679,0,1,0
2821213,1,1,0
2837440,1,0,0
2937957,0,0,0
2952305,0,1,0
3050513,1,1,0
3059816,1,0,0
3167028,0,0,0
3173519,0,1,0
3278709,1,0,0
3392216,0,1,0
3499220,1,0,0
3612542,0,1,0
3720951,1,0,0
3835662,0,1,0
3943077,1,0,0
4057763,0,1,0
4165867,1,0,0
4281017,0,1,0
4388737,1,0,0
4502746,0,1,0
4610734,1,0,0
4724796,0,1,0
4832411,1,0,0
4946965,0,1,0
5053947,1,0,0
5169494,0,1,0
5277277,1,0,0
5391735,0,1,0
5499518,1,0,0
5614917,0,1,0
5722753,1,0,0
5838040,0,1,0
5946806,1,0,0
6061109,0,1,0
6168703,1,0,0
6280421,0,1,0
6372125,0,0,0
6392496,1,0,0
6459509,1,1,0
6508726,0,1,0
6537102,0,0,0
6614646,1,1,0
6685043,1,0,0
6731830,0,0,0
6756821,0,1,0
6824827,0,0,0
6843908,1,0,0
6895335,1,1,0
6960065,0,0,0
7030895,0,1,0
7072319,1,1,0
7096796,1,0,0
7165889,1,1,0
7187434,0,1,0
7231767,0,0,0
7299295,1,1,0
7365239,1,0,0
7415486,0,0,0
7434466,0,1,0
7499738,0,0,0
7526675,1,0,0
7570030,1,1,0
7636991,0,0,0
7709812,0,1,0
7749200,1,1,0
7805951,1,0,0
7865487,0,0,0
7920140,0,1,0
7977631,1,1,0
8027806,1,0,0
8094353,0,0,0
8142590,0,1,0
8205576,1,1,0
8251347,1,0,0
8322685,0,0,0
8366111,0,1,0
8435529,1,1,0
8473550,1,0,0
8551376,0,0,0
8587326,0,1,0
8663537,1,1,0
8695676,1,0,0
8780410,0,0,0
8810973,0,1,0
8892529,1,1,0
8918621,1,0,0
9008779,0,0,0
9033475,0,1,0
9120806,1,1,0
9142120,1,0,0
9237108,0,0,0
9256922,0,1,0
9349040,1,1,0
9364998,1,0,0
9465974,0,0,0
9480053,0,1,0
9577338,1,1,0
9587438,1,0,0
9693507,0,0,0
9702072,0,1,0
9806429,1,0,0
9920985,0,1,0
10028668,1,0,0
10142046,0,1,0
10249089,1,0,0
10364406,0,1,0
10472511,1,0,0
10485760,1,1,0
10551646,1,0,0
10599239,0,0,0
10666600,0,1,0
10711617,1,1,0
10774263,1,0,0
10828379,0,0,0
10887956,0,1,0
10941354,1,1,0
10995678,1,0,0
11057936,0,0,0
11111431,0,1,0
11169963,1,1,0
11219382,1,0,0
11287353,0,0,0
11333358,0,1,0
11400041,1,1,0
11440799,1,0,0
11516496,0,0,0
11555184,0,1,0
11628024,1,1,0
11663344,1,0,0
11743430,0,0,0
11778119,0,1,0
11855440,1,1,0
11886017,1,0,0
11972465,0,0,0
12001678,0,1,0
12083614,1,1,0
12109245,1,0,0
12200417,0,0,0
12223475,0,1,0
12313010,1,1,0
12331023,1,0,0
12429597,0,0,0
12446092,0,1,0
12541259,1,1,0
12554144,1,0,0
12658306,0,0,0
12668386,0,1,0
12771188,1,0,0
12885665,0,1,0
12993289,1,0,0
13106773,0,1,0
13213681,1,0,0
13327127,0,1,0
13435481,1,0,0
13550072,0,1,0
13657409,1,0,0
13770955,0,1,0
13877896,1,0,0
13993690,0,1,0
14100991,1,0,0
14215511,0,1,0
14322233,1,0,0
14436673,0,1,0
14544662,1,0,0
14659351,0,1,0
14766972,1,0,0
14880571,0,1,0
14988162,1,0,0
15102902,0,1,0
15210686,1,0,0
15325027,0,1,0
15431908,1,0,0
15546235,0,1,0
15654571,1,0,0
15769085,0,1,0
15876398,1,0,0
15989998,0,1,0
16096965,1,0,0
16210360,0,1,0
16318711,1,0,0
16433245,0,1,0
16541187,1,0,0
16655645,0,1,0
16764173,1,0,0
16878806,0,1,0
16986140,1,0,0
17100257,0,1,0
17208434,1,0,0
17323276,0,1,0
17430919,1,0,0
17544540,0,1,0
17651820,1,0,0
17765040,0,1,0
17873030,1,0,0
17987772,0,1,0
18095529,1,0,0
18209184,0,1,0
18316752,1,0,0
18431610,0,1,0
18539487,1,0,0
18654146,0,1,0
18761068,1,0,0
18874960,0,1,0
18981600,1,0,0
19097106,0,1,0
19204943,1,0,0
19318980,0,1,0
19426417,1,0,0
19541653,0,1,0
19649584,1,0,0
19764193,0,1,0
19871647,1,0,0
19985109,0,1,0
20093231,1,0,0
20208092,0,1,0
20315636,1,0,0
20429216,0,1,0
20536940,1,0,0
20652448,0,1,0
20760338,1,0,0
20875367,0,1,0
20983428,1,0,0
21098364,0,1,0
21206041,1,0,0
21320882,0,1,0
21429465,1,0,0
21544344,0,1,0
21652096,1,0,0
21766557,0,1,0
21874985,1,0,0
21989595,0,1,0
22097792,1,0,0
22211332,0,1,0
22319985,1,0,0
22434764,0,1,0
22542744,1,0,0
22656578,0,1,0
22765286,1,0,0
22879895,0,1,0
22987383,1,0,0
23100985,0,1,0
23208611,1,0,0
23323643,0,1,0
23431784,1,0,0
23546088,0,1,0
23653392,1,0,0
23768323,0,1,0
23876354,1,0,0
23991016,0,1,0
24097919,1,0,0
24211623,0,1,0
24319969,1,0,0
24434925,0,1,0
24542452,1,0,0
24656991,0,1,0
24765779,1,0,0
24880501,0,1,0
24988313,1,0,0
25102335,0,1,0
25210492,1,0,0
25325502,0,1,0
25433333,1,0,0
25547645,0,1,0
25654313,1,0,0
25769860,0,1,0
25878018,1,0,0
25992966,0,1,0
26101680,1,0,0
26215847,0,1,0
26323609,1,0,0
26438409,0,1,0
26546605,1,0,0
26661502,0,1,0
26769050,1,0,0
26882634,0,1,0
26990469,1,0,0
27105401,0,1,0
27213276,1,0,0
27327523,0,1,0
27435018,1,0,0
27550118,0,1,0
27658071,1,0,0
27772770,0,1,0
27879888,1,0,0
27995525,0,1,0
28103436,1,0,0
28218172,0,1,0
28326622,1,0,0
28441804,0,1,0
28549504,1,0,0
28664243,0,1,0
28772309,1,0,0
28887075,0,1,0
28994604,1,0,0
