502251,1,1,0
610177,1,0,0
619209,0,0,0
724829,1,1,0
832732,1,0,0
842019,0,0,0
947242,0,1,0
954974,1,1,0
1055051,1,0,0
1072238,0,0,0
1169825,0,1,0
1185401,1,1,0
1278146,1,0,0
1301765,0,0,0
1392423,0,1,0
1413337,1,1,0
1500271,1,0,0
1529844,0,0,0
1614412,0,1,0
1642067,1,1,0
1722487,1,0,0
1758532,0,0,0
1836543,0,1,0
1870414,1,1,0
1945055,1,0,0
1986980,0,0,0
2061127,0,1,0
2099893,1,1,0
2169390,1,0,0
2216911,0,0,0
2284475,0,1,0
2328301,1,1,0
2392280,1,0,0
2444350,0,0,0
2507814,0,1,0
2556877,1,1,0
2615819,1,0,0
2673575,0,0,0
2731352,0,1,0
2785455,1,1,0
2840419,1,0,0
2901425,0,0,0
2956240,0,1,0
3013631,1,1,0
3064787,1,0,0
3130230,0,0,0
3179609,0,1,0
3243156,1,1,0
3287798,1,0,0
3359371,0,0,0
3402724,0,1,0
3471690,1,1,0
3510285,1,0,0
3588082,0,0,0
3625342,0,1,0
3700363,1,1,0
3733929,1,0,0
3816045,0,0,0
3848987,0,1,0
3928177,1,1,0
3957065,1,0,0
4044337,0,0,0
4071452,0,1,0
4156234,1,1,0
4179588,1,0,0
4273658,0,0,0
4295258,0,1,0
4385594,1,1,0
4403297,1,0,0
4501933,0,0,0
4517553,0,1,0
4614458,1,1,0
4624962,1,0,0
4730065,0,0,0
4740994,0,1,0
4841550,1,1,0
4848878,1,0,0
4956613,0,0,0
4963402,0,1,0
